Rep,Score
1,5.566272716
2,5.987355488
3,5.674082238
1,6.20597723
2,6.239069383
3,5.840311925
1,5.19878038
2,5.802259418
3,5.748780335
1,2.134636894
2,3.073470469
3,1.15337205
1,7.931982583
2,7.98300253
3,8.213083587
1,7.260563884
2,7.032227232
3,7.195181469
1,1.288832216
2,2.084853102
3,1.769533235
1,4.061014371
2,3.024008643
3,3.585956991
1,5.286679311
2,5.643338229
3,5.202780839
1,0.276998476
2,-0.146178892
3,0.481531669
1,3.818762043
2,3.287176843
3,3.980678092
1,7.553296394
2,8.078941161
3,7.347994322
1,3.652957765
2,4.068858936
3,4.151751087
1,6.555493574
2,7.4120435
3,7.032624577
1,5.087988017
2,5.464151677
3,5.434960565
1,6.253110816
2,6.866923441
3,6.524569989
1,5.091111161
2,5.387770172
3,5.518555283
1,7.03516711
2,6.994700539
3,7.087035688
1,4.593060683
2,6.16927577
3,5.057520893
1,6.465954173
2,6.563133609
3,5.750706109
1,5.644115645
2,6.2814923
3,6.101641171
1,3.733372206
2,4.393306574
3,3.561151311
1,7.089746318
2,8.07353592
3,7.280294308
1,7.268480706
2,7.859641049
3,7.981597566
1,4.373188879
2,4.427826817
3,5.291261282
1,6.165424249
2,7.385603545
3,6.998470029
1,3.688389813
2,4.581103386
3,4.410244055
1,4.832639753
2,5.357510667
3,5.394894871
1,6.823991848
2,6.904283123
3,6.493819709
1,6.171082073
2,6.429155792
3,6.388854837
1,1.506847603
2,2.541541314
3,1.990139369
1,8.402271508
2,9.098678646
3,8.971332112
1,4.532856188
2,4.863100477
3,4.328992697
1,2.673599505
2,1.799353073
3,3.084017447
1,7.124982015
2,7.607917828
3,7.340726077
1,5.347309658
2,5.283589822
3,5.444035837
1,6.028862165
2,4.986065831
3,4.45533441
1,7.195141904
2,6.971185955
3,6.511596849
1,7.144722091
2,7.597361985
3,7.350197585
1,8.047203512
2,6.504951067
3,8.018287612
1,5.821109422
2,5.285124685
3,4.732605844
1,3.878427373
2,3.781004954
3,4.050051279
1,-0.242582198
2,0.053830521
3,-0.72389095
1,6.728803127
2,7.719180148
3,6.654208784
1,6.119724882
2,6.828236636
3,6.931940426
1,5.262003743
2,4.55401166
3,5.906350252
1,5.005522133
2,4.119423668
3,4.73354861
1,4.615898418
2,5.10756613
3,5.336243188
1,7.436654662
2,8.432592088
3,8.305902855
1,2.995511713
2,3.070072906
3,4.250593419
1,4.598616883
2,4.970649949
3,4.813838597
1,3.366916415
2,2.142910883
3,4.067585258
1,4.929999492
2,5.38383381
3,4.722574198
1,2.940250845
2,3.637391017
3,2.895261626
1,4.209273661
2,3.007621356
3,3.943026979
1,5.164730423
2,5.142609675
3,5.015491831
1,5.307897419
2,5.463398218
3,5.173553554
1,8.079317503
2,7.244137291
3,7.702063527
1,4.839640128
2,5.435484962
3,5.558558928
1,6.586347307
2,7.007977267
3,6.241364749
1,2.662923393
2,3.187134398
3,1.507422853
1,6.295642816
2,6.95543712
3,6.334063521
1,6.776187246
2,6.876139987
3,7.173263108
1,5.518500684
2,5.245919687
3,5.244918038
1,2.786170685
2,3.161199506
3,2.858293042
1,6.499117381
2,7.536556541
3,7.39879469
1,0.994055585
2,1.023940743
3,1.475384504
1,4.021593847
2,3.574051401
3,3.677178008
1,7.064768583
2,6.504261787
3,6.384707912
1,5.314246046
2,6.09199068
3,4.459074837
1,3.752251971
2,4.456321018
3,4.760400675
1,5.19214271
2,5.529063842
3,5.027727923
1,6.09019702
2,6.747559734
3,7.19293307
1,5.008574917
2,5.650137484
3,5.427792999
1,4.057446327
2,3.556693176
3,2.883079149
1,6.370051
2,6.107825251
3,5.179581103
1,4.832295382
2,5.035289999
3,5.398670043
1,6.159147305
2,5.691602137
3,5.691201577
1,0.135839664
2,0.787182035
3,1.518986925
1,4.862691395
2,5.009709311
3,4.905798463
1,6.195997021
2,6.20779466
3,6.557774336
1,2.40790452
2,4.072516502
3,3.533009053
1,4.24164492
2,4.70427373
3,4.991067457
1,4.203611387
2,4.400850185
3,3.910884948
1,1.747513532
2,1.230370676
3,1.219228533
1,5.708984826
2,6.287116696
3,6.207995156
1,6.547138845
2,5.965344348
3,5.285406895
1,6.397901509
2,5.11811243
3,5.581224679
1,6.936020025
2,6.696338176
3,6.457203199
1,7.737415645
2,8.152243263
3,7.810619851
1,1.511805667
2,1.592302906
3,1.284534174
1,7.128424945
2,7.539749443
3,6.777284303
1,6.262450125
2,5.799573129
3,6.86325474
1,4.8401576
2,5.600534431
3,4.625451446
1,6.413232314
2,6.523393197
3,6.225252135
1,6.662055471
2,6.663521461
3,5.72440226
1,3.346420683
2,2.841821104
3,3.852959072
1,4.841162088
2,5.193489575
3,5.202119253
1,4.178078989
2,4.371314501
3,4.316252734
1,-0.072723906
2,0.451122516
3,1.017040542
1,3.301645115
2,3.698845978
3,3.337151724
1,4.519402915
2,4.395000902
3,4.383736616
1,6.638633683
2,5.721679118
3,5.757715953
1,6.510061477
2,6.341026216
3,6.366712965
1,3.899669737
2,4.055197576
3,4.380075124
1,2.55754061
2,3.068687559
3,2.094371012
1,1.83262927
2,2.965798423
3,2.897009238
1,7.206437374
2,8.002451706
3,7.867583544
1,5.660137344
2,4.169677262
3,4.569782801
1,6.955435456
2,6.947717306
3,6.703543292
1,8.632937072
2,8.635661518
3,9.027478831
1,2.868841692
2,3.585550991
3,2.018757231
1,7.106318388
2,7.009993475
3,7.610705044
1,6.745795014
2,7.082807293
3,6.576432159
1,1.424551559
2,1.802373157
3,1.602176462
1,6.656719857
2,6.423441868
3,5.197352446
1,6.87415072
2,7.414843897
3,6.778738181
1,6.748430247
2,6.360378892
3,6.07167078
1,3.533748062
2,4.252269284
3,3.71964755
1,4.02733188
2,4.0065887
3,3.557035805
1,3.87742303
2,5.370671916
3,3.534405415
1,7.253258724
2,6.347583233
3,6.418322797
1,5.311489921
2,4.998236379
3,4.984033773
1,6.273638716
2,5.472989283
3,6.475178901
1,5.537338429
2,5.366254777
3,4.891924889
1,6.851588243
2,6.756411875
3,7.121941464
1,3.730282562
2,4.786507635
3,5.953707238
1,8.960567537
2,8.667772514
3,9.084808918
1,7.487207433
2,7.752471953
3,8.025329442
1,4.440591263
2,3.946425544
3,3.729056725
1,5.310042683
2,4.633668735
3,3.756795739
1,4.788250322
2,4.591733608
3,4.239227061
1,6.336748674
2,5.837423608
3,5.653187694
1,4.555500664
2,4.867027374
3,5.357900635
1,5.708860781
2,5.20788251
3,5.329386169
1,3.665904455
2,3.68551842
3,3.663824062
1,5.599324961
2,5.13344039
3,5.538304545
1,6.01283224
2,6.315048129
3,6.028587839
1,3.440254273
2,3.495506416
3,4.295532574
1,5.8840659
2,4.990580497
3,5.302430677
1,6.71798539
2,6.826677727
3,6.528196205
1,9.31786754
2,8.588815291
3,9.777859266
1,7.949561056
2,6.145573111
3,5.743804619
1,5.86391991
2,6.41089845
3,5.422115922
1,5.343878219
2,5.351622941
3,5.829957154
1,3.005336364
2,2.965243053
3,2.63387669
1,7.966587346
2,7.730982723
3,8.245043179
1,1.963889033
2,2.307065757
3,3.021268823
1,6.483284197
2,5.572798356
3,5.777716372
1,6.255423444
2,5.41123825
3,5.295172195
1,5.398112604
2,5.680773502
3,5.228729688
1,1.810246509
2,1.924191877
3,2.187578276
1,7.633512233
2,6.961250186
3,8.253929666
1,2.846387974
2,3.78929392
3,4.444830618
1,5.508648577
2,4.645071905
3,5.331825947
1,6.621511265
2,5.689271825
3,6.335666313
1,2.583879233
2,2.82129819
3,2.691089185
1,4.081451514
2,3.730082532
3,4.059769366
1,4.089281963
2,4.515818773
3,4.223216883
1,5.329618345
2,4.682029961
3,5.364311712
1,2.643866304
2,2.813346475
3,1.992264697
1,7.743817234
2,7.674123792
3,7.574358827
1,3.609610297
2,3.819594723
3,3.079843035
1,3.417804716
2,4.750255048
3,3.858835766
1,6.355395662
2,6.279827419
3,6.910392732
1,1.950480117
2,0.848695652
3,0.624511741
1,3.909234682
2,3.881560247
3,4.138755255
1,4.99862288
2,5.383297415
3,5.655824118
1,4.669032271
2,4.345287969
3,5.951796765
1,5.757046565
2,5.531517413
3,5.537742566
1,7.446970842
2,7.431454808
3,7.312114704
1,4.033655936
2,6.23869645
3,5.430689727
1,5.58338462
2,6.815971289
3,6.883486176
1,4.734050424
2,5.203425191
3,5.30328839
1,4.369047937
2,4.307991584
3,3.204890571
1,7.141736069
2,6.839808522
3,7.029893696
1,5.847309679
2,5.282720683
3,5.150644229
1,6.657915308
2,5.933864411
3,5.867959002
1,3.720141779
2,3.255396805
3,4.022216404
1,7.910726703
2,8.828236955
3,8.099757852
1,4.297805319
2,5.765666928
3,4.986079929
1,2.833134555
2,4.055751379
3,4.117286946
1,5.600648758
2,5.050463116
3,5.297528248
1,1.299576434
2,3.586408862
3,2.708998284
1,6.892506043
2,5.882564532
3,6.298445903
1,7.296425386
2,7.369655805
3,7.668143423
1,3.228873638
2,2.574335314
3,3.992619621
1,2.904928175
2,3.475201492
3,2.418007921
1,5.817269148
2,5.294591209
3,5.527181698
1,4.93304257
2,5.379278433
3,6.089330895
1,6.418058562
2,6.635594075
3,5.612785117
1,6.172989639
2,6.208779654
3,5.808236542
1,4.135224142
2,3.674216015
3,3.921487356
1,3.816418523
2,3.140511929
3,3.347059738
1,6.717617077
2,6.714597436
3,7.305196028
1,3.278236619
2,3.611376955
3,3.153525602
1,4.804154279
2,4.745792225
3,5.241528512
1,4.780066082
2,4.198346201
3,4.918324205
1,2.981724962
2,2.535487094
3,2.730588393
1,3.490672542
2,3.249652259
3,3.645357083
1,5.069929639
2,5.081771338
3,4.132383418
1,4.663992112
2,4.137986056
3,2.697721706
1,1.739091105
2,1.699194871
3,2.076563945
1,5.098096022
2,4.945508373
3,5.558501956
1,4.476961135
2,3.948619247
3,5.330401687
1,3.479270229
2,3.569909305
3,3.660675566
1,6.239535452
2,6.15750238
3,5.728558777
1,7.226822129
2,6.77005027
3,8.037163738
1,6.210410381
2,6.203688411
3,5.489910181
1,5.451073244
2,5.373529172
3,6.333044759
1,4.375282415
2,6.041564561
3,3.829979108
1,4.423537288
2,4.310877847
3,3.868556791
1,5.739284113
2,5.24870918
3,5.198133344
1,4.149658412
2,4.802294932
3,5.062694329
1,4.915919318
2,5.315109947
3,6.004052817
1,3.178400546
2,3.025907628
3,3.35658096
1,9.529831314
2,7.502987598
3,7.989888158
1,6.615368023
2,7.451418421
3,7.227677158
1,8.002259751
2,7.362035671
3,8.460514262
1,4.051788055
2,5.132759888
3,4.267490004
1,6.385867536
2,5.247331192
3,5.754101978
1,7.539681587
2,7.380834612
3,7.276731878
1,5.477575394
2,5.834937314
3,4.372416812
1,4.901850933
2,4.399815564
3,4.078381192
1,7.262744963
2,7.350078259
3,7.191839919
1,1.079036394
2,-0.281572886
3,1.141516201
1,7.60871789
2,8.043778421
3,7.579495816
1,6.170999616
2,6.073419984
3,6.387039698
1,3.11193968
2,3.536091012
3,2.936104433
1,7.342922853
2,6.758563281
3,6.961134768
1,6.392701178
2,6.760121317
3,5.980986586
1,0.307758182
2,0.984581275
3,0.301208063
1,5.139778713
2,5.043644449
3,4.67744018
1,9.274194156
2,8.13353568
3,9.241890172
1,4.196438014
2,4.783495476
3,4.158226243
1,3.549977506
2,4.244672319
3,3.662369821
1,8.224638006
2,7.329150121
3,7.700921147
1,4.919694701
2,5.542706253
3,5.240388806
1,4.624106839
2,5.540539357
3,4.965570742
1,5.381567436
2,5.322982345
3,4.913699529
1,6.871754728
2,7.250054233
3,7.764514012
1,4.732369806
2,3.970549198
3,3.876980807
1,6.318188322
2,5.288633674
3,5.570897988
1,4.038877812
2,4.429440712
3,3.072392072
1,4.367451969
2,4.810363894
3,3.885726478
1,7.456012444
2,7.452967474
3,6.597460082
1,5.079715136
2,4.387301885
3,5.744107859
1,7.010579096
2,6.574370597
3,6.130069851
1,4.779908021
2,4.525065795
3,4.705357352
1,5.26735653
2,4.17870909
3,3.549266175
1,6.158473978
2,5.483440727
3,6.063186639
1,5.84819977
2,6.471172354
3,6.501091871
1,3.158581924
2,3.031686903
3,2.832471616
1,7.218100864
2,7.406639078
3,6.72289835
1,6.837170119
2,5.140957219
3,5.341260631
1,1.64740455
2,2.02727963
3,3.082593621
1,5.032909991
2,5.372788679
3,5.335984249
1,6.814015168
2,6.919295419
3,6.840836345
1,2.222500567
2,2.757091959
3,2.882524262
1,5.248618791
2,4.720149126
3,5.523252517
1,5.915031791
2,5.9551093
3,5.143336937
1,3.284871364
2,2.423053103
3,2.95555723
1,5.31266939
2,4.543853701
3,5.713086716
1,7.344357504
2,7.581351643
3,7.235581552
1,2.759921721
2,2.658932691
3,2.952257753
1,5.476016468
2,6.912095773
3,6.48528038
1,7.092787284
2,7.145630765
3,6.767212875
1,-0.970994325
2,1.361529188
3,0.73562118
1,2.695327525
2,3.040270947
3,3.526418824
1,6.49272276
2,6.23221768
3,7.43914012
1,4.227072856
2,4.755044245
3,3.987731225
1,7.180191254
2,8.225658191
3,6.347638039
1,5.957726465
2,6.352554055
3,6.362546905
1,1.066857517
2,1.732696555
3,1.610070386
1,6.555256176
2,6.299485349
3,6.052392872
1,7.797079698
2,8.04090683
3,7.919223415
1,4.652145718
2,4.984996519
3,3.844193828
1,6.326771224
2,5.907476117
3,6.020330601
1,6.6824422
2,6.947895964
3,6.474967966
1,7.29180563
2,6.891257767
3,7.332837312
1,6.631240838
2,7.187167778
3,6.600578836
1,5.02828405
2,5.283178014
3,4.588235407
1,3.284642628
2,4.160911677
3,4.237108693
1,4.839430648
2,3.96348987
3,3.494334859
1,6.353609902
2,6.175540255
3,6.291981446
1,2.859310678
2,2.947047553
3,3.915379902
1,4.347199093
2,3.231603958
3,2.994082775
1,5.490264904
2,4.894649809
3,5.550691146
1,4.282594407
2,4.244691136
3,4.128617577
1,8.76503137
2,8.071858004
3,9.383133077
1,5.022374231
2,4.483164999
3,5.053192778
1,5.260886312
2,4.87633655
3,4.580553987
1,5.465654547
2,5.746816086
3,5.80715592
1,7.41484103
2,8.197758321
3,7.569119463
1,0.95045562
2,0.292416924
3,1.874583976
1,3.185232661
2,3.598440972
3,3.459884041
1,6.624520036
2,7.046539354
3,6.889339579
1,4.048990644
2,2.817924259
3,3.40407662
1,4.89736878
2,4.860603794
3,5.006819679
1,6.707991891
2,6.89761997
3,6.608590499
1,1.817612436
2,1.874920012
3,0.810797069
1,4.390385178
2,4.568372205
3,4.662337298
1,6.017338791
2,7.31241675
3,7.947996031
1,4.702703642
2,4.705568368
3,3.449462362
1,5.372729701
2,5.197287125
3,5.062000131
1,4.43753246
2,4.236656494
3,4.045639682
1,8.727688422
2,9.643058978
3,8.906044364
1,5.321037804
2,4.446028512
3,4.331800472
1,5.637575655
2,5.188988355
3,5.466799582
1,5.606670374
2,5.833204345
3,5.272165181
1,5.243616372
2,4.506385214
3,5.587827158
1,4.848000147
2,6.767900811
3,6.027651887
1,2.756318422
2,2.897347917
3,2.105434452
1,4.778853024
2,5.001637471
3,4.700491527
1,6.342083536
2,6.483859362
3,6.700605698
1,1.566868573
2,1.986958509
3,2.946005243
1,1.490827144
2,0.907855641
3,2.192015367
1,4.972935108
2,5.147375485
3,4.424179871
1,1.719501797
2,2.780148232
3,3.957625733
1,5.709805966
2,5.599992122
3,5.604187864
1,6.191890766
2,5.569885036
3,5.70410938
1,6.089212416
2,4.333335898
3,4.280876216
1,4.450588369
2,4.089712004
3,3.857328447
1,6.213318017
2,6.285374183
3,5.739710976
1,6.157683559
2,6.489461383
3,6.413909338
1,5.136869303
2,4.395185852
3,4.579549333
1,4.775968483
2,5.0728571
3,4.619582392
1,5.054948194
2,6.148154464
3,5.743941003
1,4.458171281
2,5.10004307
3,4.738202797
1,6.173293054
2,6.245996879
3,6.373814354
1,6.336089913
2,6.219809092
3,6.784437243
1,5.541802716
2,4.920906496
3,6.294186586
1,5.45731466
2,5.979982758
3,6.677212468
1,3.862944075
2,4.966762247
3,3.409686813
1,7.186773822
2,6.041972869
3,6.984610804
1,6.823457286
2,6.089416174
3,6.952786965
1,4.018483054
2,5.397546778
3,4.268561344
1,3.458798009
2,3.244752027
3,3.832096968
1,5.779161273
2,5.586613203
3,6.169196142
1,4.694122678
2,5.432482957
3,6.127763529
1,4.273457729
2,3.524510389
3,3.677667362
1,5.831680855
2,6.328914833
3,5.911663665
1,6.509250472
2,5.626529515
3,5.327229465
1,3.138627141
2,1.971336944
3,2.543515832
1,5.876269098
2,4.892826898
3,5.433179619
1,6.181457714
2,5.732093012
3,4.893066561
1,7.024581983
2,6.91367362
3,7.723149087
1,4.476640086
2,4.904544933
3,4.57341328
1,6.542123132
2,7.582396615
3,6.4199017
1,6.280077729
2,4.940822901
3,6.114367394
1,6.207746091
2,5.602163601
3,6.919209415
1,4.823437207
2,4.135005125
3,4.908549517
1,3.61733401
2,3.995607239
3,3.484166832
1,5.623577783
2,5.329000459
3,4.944169078
1,2.453287148
2,3.364587736
3,1.309093254
1,4.04927726
2,3.68619573
3,4.418656708
1,6.198435351
2,6.136633005
3,5.971139854
1,0.816425534
2,1.717197828
3,1.752147751
1,5.573231909
2,5.045785948
3,4.629011076
1,3.592706211
2,3.549581221
3,4.115400458
1,2.530437612
2,2.903251721
3,2.066862675
1,5.020503837
2,4.329789083
3,3.938642506
1,4.282992784
2,4.627540983
3,3.676308045
1,4.845943572
2,4.618898277
3,5.213058541
1,3.377356812
2,3.212617344
3,4.198897026
1,7.292468027
2,7.830121793
3,7.679959414
1,7.683009463
2,6.051483926
3,6.586653444
1,5.581368795
2,5.620909307
3,6.051064908
1,5.413419093
2,4.753974844
3,5.655195545
1,5.064179502
2,6.442165459
3,6.190407444
1,1.734200692
2,2.388083923
3,3.68703622
1,5.723876456
2,6.113061518
3,5.224903903
1,4.467829718
2,4.772582759
3,5.269939907
1,4.348810952
2,5.424404995
3,5.186681329
1,7.648496696
2,7.464865337
3,7.219017322
1,6.171002887
2,6.057648594
3,6.212447649
1,6.187194408
2,6.533018426
3,5.821652788
1,6.40103715
2,5.92665625
3,6.959206969
1,3.845100228
2,4.759341479
3,3.760698214
1,6.879039999
2,7.761657822
3,7.660678896
1,7.446597468
2,7.716736217
3,8.14720233
1,6.033860302
2,5.618640317
3,5.715695077
1,7.574590349
2,7.398283268
3,7.71900077
1,7.692063738
2,8.822899022
3,7.938442131
1,3.792717103
2,3.878530693
3,3.607565899
1,3.664755615
2,2.682761904
3,3.220476755
1,4.071506502
2,4.858762698
3,4.521293944
1,2.609025678
2,2.589355397
3,3.083354801
1,5.411396751
2,5.331549615
3,6.03696301
1,7.407246322
2,7.527326645
3,6.828536756
1,3.697769999
2,2.353217174
3,3.401175957
1,5.123528741
2,5.795867272
3,5.017649172
1,5.845465198
2,6.380019552
3,6.394245485
1,2.137315612
2,2.604168036
3,2.806964685
1,9.492335979
2,9.911101576
3,8.933949814
1,4.973161975
2,4.975047609
3,5.998385554
1,-0.430539388
2,-0.268502647
3,-0.759476444
1,5.260128441
2,4.952748576
3,5.572899923
1,4.84808583
2,4.646980465
3,4.916733762
1,4.963878685
2,6.00619104
3,6.079862081
1,5.676365603
2,6.946807202
3,6.309452921
1,8.051968059
2,8.267038683
3,7.890587653
1,4.570209925
2,4.621476952
3,4.547860725
1,7.101643079
2,6.032053446
3,7.067443306
1,4.78985816
2,5.121048254
3,4.197605837
1,1.535034223
2,2.100923143
3,1.479733774
1,3.854377488
2,4.268289409
3,4.336573522
1,6.947985111
2,7.188038503
3,7.692643775
1,3.758235623
2,4.037145848
3,3.743744308
1,3.570399525
2,3.439908549
3,3.893590012
1,5.84168177
2,4.66670473
3,5.035466264
1,2.0679709
2,1.265028364
3,2.421025388
1,5.707089897
2,6.617952726
3,5.598113027
1,8.528453978
2,8.330570232
3,9.014697969
1,6.060843351
2,6.534331214
3,4.05964704
1,3.571981513
2,4.125863429
3,3.077944476
1,6.034249213
2,6.643392789
3,6.886805427
1,4.321323461
2,4.098054898
3,2.840711203
1,6.162018561
2,6.620081723
3,6.306800146
1,5.415510517
2,5.347941069
3,5.336771659
1,6.283465414
2,6.637327534
3,7.274883922
1,6.353312143
2,6.622386882
3,7.093611521
1,7.449644703
2,6.983553
3,7.462578344
1,3.235577254
2,2.192604493
3,2.71484318
1,3.003643574
2,3.128772816
3,2.61546799
1,5.828172501
2,5.404328039
3,5.80871901
1,3.680458018
2,4.492863739
3,4.840547725
1,5.023135639
2,4.364374727
3,4.732329932
1,7.38905311
2,6.981515167
3,7.489177047
1,-0.427057394
2,-0.609502165
3,-0.100182198
1,4.298582511
2,3.567364322
3,3.737376156
1,3.949499577
2,3.713304188
3,3.506576439
1,2.926752607
2,1.869156109
3,2.654712967
1,3.104423489
2,4.021147261
3,2.912616613
1,9.03728295
2,9.242192189
3,9.011037474
1,2.189080186
2,3.084045065
3,2.668596632
1,5.692976705
2,5.267263835
3,4.843655197
1,7.294249718
2,7.427404467
3,7.120883534
1,0.395279787
2,1.54681324
3,1.484255393
1,5.147669094
2,4.819015066
3,5.127282314
1,5.946455781
2,5.452503067
3,5.935429552
1,7.364252091
2,5.930445813
3,5.812245118
1,4.436801518
2,4.049806224
3,5.15645532
1,9.329526157
2,9.394259674
3,9.303787418
1,2.346220477
2,1.358956495
3,2.21863565
1,3.848650894
2,4.001584147
3,4.15087186
1,5.944248906
2,5.502102969
3,5.766397954
1,5.227744105
2,6.153864328
3,4.852836271
1,6.20148082
2,6.094786878
3,6.984658132
1,6.106453997
2,6.219546995
3,6.47895186
1,4.260254141
2,3.284406727
3,6.376797487
1,3.311625236
2,3.135382144
3,3.934856195
1,6.355526349
2,5.662968255
3,7.063784221
1,3.157988392
2,3.841072511
3,3.575112485
1,5.963797628
2,4.932856225
3,5.296491296
1,5.170860175
2,4.943125012
3,4.950913302
1,1.015801402
2,2.405706654
3,2.081522314
1,4.848080482
2,5.197603669
3,5.264211626
1,6.132835854
2,5.127286589
3,5.672291656
1,2.391079669
2,2.124299123
3,2.297103131
1,2.965112361
2,3.514003851
3,3.400515717
1,5.206469786
2,5.50223178
3,4.550045902
1,5.149477137
2,5.164544431
3,4.756029187
1,6.067686295
2,6.402290647
3,5.696963724
1,6.239006211
2,6.696175596
3,6.123722549
1,3.993102427
2,4.061473969
3,4.620959935
1,7.034465884
2,6.712158645
3,6.101511699
1,8.033650157
2,9.167648875
3,9.364306829
1,1.565992044
2,1.421239817
3,2.183231558
1,6.777001947
2,6.165200614
3,5.405129709
1,4.354602726
2,5.314164127
3,5.139186511
1,3.434645171
2,4.519624314
3,3.69821652
1,7.563742086
2,7.567195289
3,7.324000017
1,5.196866282
2,6.41813437
3,5.5154842
1,1.23042622
2,1.988250122
3,1.711989876
1,4.592977067
2,4.306566796
3,4.098598121
1,6.770070995
2,6.601401971
3,6.933182131
1,4.100972888
2,4.254187423
3,4.62445678
1,4.166696413
2,3.156041078
3,3.945910972
1,7.179489135
2,7.49015041
3,6.753041026
1,5.490808131
2,5.145414494
3,4.342936212
1,4.59672393
2,4.328643635
3,3.922189684
1,5.706684381
2,5.586151603
3,5.457296621
1,4.422808671
2,5.57671924
3,6.266496998
1,5.632223966
2,5.953925582
3,4.897432497
1,7.216542651
2,6.642860021
3,6.884280145
1,4.593386265
2,4.142333237
3,3.849443961
1,2.39027084
2,2.447476977
3,2.303897325
1,5.725189274
2,6.155796412
3,5.564061588
1,4.932734396
2,2.965920967
3,4.997595911
1,4.857216743
2,4.530609049
3,4.958419359
1,6.968004848
2,7.032165004
3,5.750225083
1,0.939875935
2,1.095434991
3,0.790649591
1,3.018849155
2,3.460445337
3,3.963318656
1,5.144921822
2,5.838407085
3,5.593669776
1,4.290302118
2,4.936872985
3,5.908077668
1,3.561371698
2,2.985195982
3,2.7587561
1,6.534363354
2,6.803716873
3,7.182988307
1,4.304172457
2,4.113174697
3,3.509618133
1,5.83302153
2,5.406939005
3,4.29903452
1,5.526447558
2,5.818981624
3,6.052678803
1,4.527829223
2,4.789723992
3,4.864265958
1,9.32390444
2,8.082069923
3,8.573877115
1,4.451007152
2,4.307063126
3,4.799819749
1,1.889060267
2,1.649975334
3,2.169284661
1,3.18403261
2,3.413306016
3,2.746617174
1,7.98602158
2,8.230845484
3,7.51167593
1,-0.223647409
2,-0.785973232
3,0.52185858
1,4.05873054
2,3.87768527
3,2.822566168
1,5.268049322
2,5.435950924
3,5.646866098
1,2.365438679
2,2.795999947
3,1.943071863
1,4.072068714
2,3.313866454
3,2.949188027
1,5.104332313
2,5.1196511
3,5.215195592
1,4.695219355
2,4.527895245
3,4.442512431
1,4.208201252
2,4.716707758
3,4.875728308
1,3.396847473
2,3.369491493
3,2.585378134
1,7.253884946
2,7.769929907
3,7.315231628
1,5.803026978
2,6.451632031
3,6.331960307
1,5.471932382
2,6.185901457
3,6.133320708
1,8.151809402
2,8.643627712
3,7.881080602
1,4.068979517
2,4.280526481
3,3.706139912
1,6.058066539
2,5.888370804
3,5.514305403
1,4.447265159
2,3.954593136
3,4.043896566
1,2.275261859
2,2.228554685
3,2.369550515
1,4.986150457
2,5.940960188
3,5.567237998
1,7.343546748
2,7.329771147
3,6.566547349
1,3.1376431
2,2.27921419
3,2.256268226
1,5.849324335
2,5.985126483
3,5.872613878
1,9.375573602
2,9.491323716
3,9.935636271
1,5.925872895
2,6.18099214
3,6.651724409
1,6.944355811
2,6.55112162
3,7.257207902
1,2.132334734
2,2.158203844
3,1.528737056
1,2.81541627
2,2.742764596
3,2.38576947
1,4.106251019
2,3.182532171
3,4.207421105
1,2.695682363
2,4.427005543
3,3.369144359
1,6.962868004
2,7.31080134
3,6.566626425
1,3.851894948
2,4.796550721
3,4.126154485
1,1.287255219
2,1.929882693
3,2.764350499
1,5.714354842
2,5.093021637
3,4.883100027
1,7.769837018
2,8.052517209
3,8.205958476
1,4.389708076
2,5.637994657
3,4.967212661
1,1.325269282
2,2.009139711
3,1.528768309
1,5.004194342
2,5.040207426
3,4.890308605
1,2.208313579
2,1.305878553
3,1.841558405
1,4.70663177
2,5.020917106
3,3.89073978
1,7.284333527
2,6.025189011
3,5.899308822
1,4.928077439
2,4.517018773
3,4.502327555
1,5.565276034
2,4.677307405
3,4.60923829
1,4.22610541
2,3.817801645
3,4.375647999
1,2.274184883
2,0.644451927
3,1.966391497
1,4.032819222
2,4.95435069
3,4.573794596
1,6.409384102
2,6.979914129
3,6.542290169
1,7.865381389
2,7.33081962
3,6.648239367
1,4.605125449
2,3.38410484
3,4.380516978
1,4.925279393
2,5.432810083
3,5.931739795
1,3.621485217
2,2.586448343
3,3.54855458
1,3.124939895
2,3.365417762
3,3.09584051
1,4.884550502
2,5.394856164
3,4.824988736
1,4.420717145
2,4.187591967
3,4.141676265
1,5.33257806
2,4.831199643
3,3.943544633
1,7.221660682
2,6.996961501
3,7.561253698
1,2.454100647
2,5.395894174
3,2.47913259
1,4.019789139
2,4.177429364
3,4.154551026
1,5.815244041
2,5.584950167
3,5.162399891
1,6.168506538
2,6.370206018
3,7.023913699
1,4.192081436
2,2.839373915
3,3.31510152
1,4.807389034
2,5.133616901
3,5.769971736
1,5.598848427
2,5.422299975
3,5.01746365
1,5.672045311
2,6.684678941
3,7.455054556
1,5.855132129
2,5.734763061
3,4.971082079
1,1.053117177
2,0.735775759
3,0.63760488
1,3.000434129
2,4.086559784
3,3.681111654
1,7.634528751
2,6.604223813
3,6.292270568
1,3.203151022
2,2.878550515
3,2.771655062
1,4.875403036
2,5.04739131
3,5.394897874
1,5.723373303
2,5.82580278
3,6.194778878
1,0.673123643
2,-0.833896221
3,1.123579095
1,3.347343204
2,3.726493068
3,3.171565645
1,6.7247543
2,6.518978214
3,6.822497467
1,2.407462355
2,2.291943763
3,1.8508945
1,4.605412928
2,4.943814765
3,5.248547042
1,8.850377532
2,7.425599511
3,8.190173892
1,7.769203655
2,8.542740984
3,9.522660767
1,4.098121564
2,4.344206973
3,4.201877678
1,5.58997451
2,6.320029559
3,6.040905269
1,7.705907915
2,7.478976647
3,6.546723738
1,4.800178058
2,5.643792634
3,4.858031618
1,6.452020882
2,7.38988551
3,6.712860751
1,2.934103832
2,2.615061322
3,3.751082554
1,4.177493177
2,4.21082147
3,3.801346218
1,9.402776743
2,8.575731642
3,9.315348543
1,4.004083791
2,3.290878764
3,4.046953094
1,5.578512945
2,6.027975696
3,6.287011628
1,7.522501251
2,6.83522488
3,6.984073684
1,4.644390442
2,4.187116062
3,4.161299825
1,2.311582056
2,2.098853227
3,1.500641603
1,5.688558331
2,6.229920508
3,6.034649
1,3.154945834
2,2.442711489
3,2.137836811
1,6.831222555
2,7.540279765
3,6.968213326
1,4.216652619
2,4.384660696
3,4.008353929
1,6.89132385
2,7.072326944
3,7.921110281
1,3.911581901
2,4.84330678
3,3.658600173
1,3.516660079
2,3.327638022
3,2.851534427
1,1.914692369
2,2.673500899
3,1.945636384
1,4.748466719
2,5.02066144
3,4.564963203
1,4.462465057
2,4.991899604
3,4.929719439
1,2.807125576
2,4.740279853
3,3.951934243
1,2.355564493
2,1.815096135
3,0.881162494
1,5.991660101
2,5.187034924
3,5.464297816
1,4.438536088
2,3.906580909
3,4.165201777
1,4.781335335
2,5.25780559
3,4.256172341
1,7.354506061
2,8.793071869
3,8.003174515
1,4.629854051
2,4.18627631
3,4.719663313
1,2.055314666
2,2.19808733
3,2.418632491
1,5.794272895
2,4.46325568
3,5.045871021
1,5.841821503
2,5.80407849
3,5.725810393
1,4.438120629
2,4.806534451
3,4.318841167
1,6.667447591
2,7.190498731
3,7.225155698
1,5.770347475
2,5.74122588
3,5.395372811
1,5.660919181
2,5.151994853
3,5.530048145
1,4.837876751
2,5.454436402
3,5.160700164
1,0.079811412
2,0.057700253
3,0.141081303
1,4.201635168
2,4.76591949
3,5.133025048
1,6.064784489
2,6.044442508
3,6.268468014
1,1.422312485
2,1.481859579
3,2.620213638
1,5.33119628
2,5.041043709
3,4.975810177
1,5.613837957
2,5.493864422
3,5.441241403
1,4.128110784
2,3.742566893
3,4.166189787
1,7.194966934
2,6.893919331
3,7.383496888
1,3.528616793
2,3.884323845
3,3.030090785
1,4.446566332
2,3.340051161
3,3.15541613
1,7.537334603
2,7.279970417
3,7.004382934
1,3.689462678
2,3.862276253
3,4.036357665
1,3.053932079
2,2.344726181
3,2.058731438
1,6.549331363
2,6.552044033
3,6.881730496
1,5.687157166
2,5.365456272
3,6.014571817
1,6.824303866
2,7.235373326
3,6.785653675
1,4.296487122
2,5.268493733
3,5.293717175
1,3.115829455
2,3.981113894
3,3.327020087
1,6.332989894
2,5.210216264
3,6.591200071
1,6.507674691
2,5.423879519
3,5.264651904
1,5.304550952
2,5.192762238
3,4.494227566
1,4.522872145
2,4.334659583
3,4.174271635
1,7.137005507
2,6.69515824
3,6.760914089
1,4.818799993
2,5.144389044
3,4.124536717
1,3.689198816
2,2.535245664
3,2.782298645
1,4.513846092
2,3.547145853
3,4.379433129
1,5.64694409
2,6.063238733
3,6.094560457
1,2.010041083
2,2.688772557
3,2.125314075
1,5.484074234
2,4.527136164
3,5.473092824
1,3.65591881
2,4.122227849
3,4.519087604
1,3.32982242
2,3.274252594
3,2.920586491
1,5.55806745
2,6.259952839
3,6.722259769
1,6.58449564
2,6.670382064
3,6.829409848
1,1.263135549
2,0.88259733
3,0.632707864
1,5.516858535
2,4.861323973
3,5.050263675
1,6.572840117
2,7.164854854
3,6.49189861
1,2.117818866
2,2.443527386
3,2.574610513
1,5.949267312
2,6.179108748
3,6.222053677
1,4.447016365
2,4.666132981
3,5.204071965
1,3.141983223
2,3.184824855
3,3.153299383
1,8.580586131
2,9.073990048
3,8.20498331
1,8.527889368
2,8.151648831
3,8.001602806
1,4.673453933
2,4.690136736
3,5.807529244
1,7.827851013
2,7.275632893
3,7.812975754
1,4.93083488
2,5.08014291
3,5.257375257
1,1.186346571
2,1.820994795
3,1.858697993
1,3.470836314
2,3.791018593
3,2.707162287
1,5.250261277
2,4.488196009
3,5.285498321
1,6.176198602
2,6.445008107
3,6.414323901
1,7.903500066
2,8.16028166
3,7.451227325
1,3.593833913
2,3.091715025
3,3.812465991
1,0.246537669
2,0.396160083
3,0.609249326
1,6.340370999
2,5.305616545
3,5.975647374
1,5.314197389
2,4.52738367
3,5.358650002
1,3.391474102
2,1.628823361
3,2.438444853
1,8.503495545
2,8.3527782
3,8.249113981
1,5.597514167
2,6.544278523
3,6.727387512
1,2.919263859
2,2.378388815
3,1.562543942
1,8.587911978
2,8.790355069
3,8.071269658
1,8.825374001
2,8.307144312
3,8.97508823
1,4.331260905
2,5.975950239
3,4.015655833
1,6.330154509
2,5.845632266
3,6.889927039
1,5.739723445
2,5.349371517
3,5.6098454
1,4.160107932
2,5.045819832
3,4.374186208
1,3.75399591
2,3.946640101
3,3.753013538
1,6.728782594
2,7.624839963
3,6.984793545
1,3.222136681
2,3.128110146
3,3.479401787
1,5.328453862
2,5.590010712
3,4.12315414
1,7.295938795
2,6.477817436
3,6.681848428
1,4.76441918
2,4.791784091
3,5.708238811
1,7.280954793
2,8.15181051
3,7.004165112
1,7.05466416
2,6.886506914
3,7.708688662
1,4.47698255
2,3.57265172
3,4.554347656
1,6.760231583
2,5.936937164
3,5.333607944
1,7.959417898
2,6.66143681
3,8.328096866
1,6.85035907
2,6.871080662
3,6.175743227
1,2.715974059
2,3.775086321
3,3.533602679
1,8.422682003
2,8.256511584
3,8.287199987
1,7.85083492
2,7.879412945
3,7.801763749
1,4.445953946
2,4.685905779
3,5.499942528
1,7.226148477
2,7.40903386
3,6.831423907
1,3.183002239
2,3.355028561
3,3.67935746
1,5.703726961
2,5.879335631
3,6.533567412
1,7.668660169
2,7.85517955
3,7.670700563
1,7.974473394
2,9.533515076
3,8.625560625
1,3.015134938
2,2.286999417
3,2.594283306
1,7.562746924
2,8.07007359
3,7.697949183
1,4.114914841
2,2.59423657
3,3.293614258
1,6.551147719
2,7.296615338
3,6.791160326
1,5.662649617
2,5.756120482
3,5.093492803
1,4.465567865
2,4.6600913
3,4.15743866
1,7.999293361
2,7.313297422
3,7.666236368
1,6.765730929
2,6.402725386
3,6.139088471
1,3.302960938
2,1.340137741
3,2.360829818
1,5.559836115
2,5.278808402
3,5.388347679
1,5.69021343
2,6.381163535
3,6.42608497
1,-0.622182916
2,0.651209444
3,1.455000225
1,6.501258657
2,5.99721361
3,5.804766988
1,5.165157519
2,5.473784415
3,5.71808396
1,2.748099975
2,3.052959979
3,2.687440104
1,7.226859617
2,6.836779378
3,7.313445825
1,7.904053093
2,7.100294456
3,7.067777945
1,3.773747255
2,4.560799101
3,2.482645091
1,1.975075053
2,2.408299902
3,2.533634723
1,5.238559451
2,6.353276855
3,5.214509548
1,5.621211149
2,4.084330094
3,4.724822901
1,9.205472146
2,8.84530821
3,8.391359584
1,4.627807263
2,4.741942999
3,4.414859632
1,3.528579348
2,2.253699533
3,4.247578572
1,2.559335417
2,3.04137301
3,2.926538729
1,5.885011903
2,6.973542058
3,6.504527878
1,5.326050952
2,5.345777749
3,5.421834652
1,5.44762686
2,5.702195422
3,6.094240281
1,6.505475276
2,6.595928412
3,5.881241283
1,5.900898616
2,7.148749565
3,6.180010164
1,7.125802049
2,7.92584129
3,7.567396867
1,4.419537793
2,3.872939551
3,3.895685181
1,2.401596384
2,2.35348012
3,2.58936336
1,5.232969477
2,5.226048796
3,5.786702841
1,6.478341118
2,6.697047903
3,6.260590303
1,2.993503718
2,3.473677971
3,3.510809833
1,4.613736269
2,5.231275577
3,4.4313681
1,4.751340844
2,6.380114811
3,5.878267762
1,1.161817098
2,1.778244429
3,1.952764708
1,2.886657882
2,2.165272543
3,2.321421885
1,6.955186363
2,6.578729805
3,7.048536428
1,5.080731829
2,5.117345244
3,4.599979573
1,0.344491569
2,1.441140312
3,1.47917915
1,4.039031705
2,3.682643104
3,3.169684192
1,2.166880163
2,2.296060025
3,2.064942425
1,4.995122684
2,5.296779602
3,4.210463998
1,6.145111048
2,6.243925109
3,6.348429769
1,2.231560616
2,2.984677776
3,1.645437249
1,4.455926731
2,4.195162435
3,4.111574593
1,5.010061557
2,5.592547398
3,5.440667407
1,8.749151098
2,8.143143267
3,8.319174621
1,6.671713456
2,7.228553379
3,7.380978723
1,5.578570938
2,6.319656186
3,6.186054429
1,8.874446025
2,8.5027743
3,8.37660989
1,4.449145346
2,3.872683043
3,4.881051183
1,5.319031578
2,5.064466177
3,6.074473649
1,4.820693883
2,3.716870982
3,4.259050662
1,6.760104036
2,6.010017305
3,6.458798122
1,4.80444733
2,4.637143206
3,4.613006179
1,0.107622449
2,1.881443089
3,0.703199567
1,8.59727766
2,8.334723358
3,8.016152855
1,6.060631326
2,5.683657748
3,5.837059135
1,1.025038107
2,2.656691749
3,3.0155316
1,5.484159402
2,5.895960708
3,5.195189088
1,7.442640268
2,7.081607771
3,7.162218297
1,1.798852756
2,1.312390365
3,0.55045765
1,2.917619721
2,3.057523017
3,4.213039949
1,4.747491299
2,4.552403971
3,5.055935235
1,3.977716453
2,3.600780346
3,4.432625587
1,8.532995509
2,6.586550197
3,6.516109742
1,4.846538729
2,4.741621867
3,4.808222763
1,4.390335016
2,4.801700593
3,5.167532948
1,1.801560497
2,1.342859378
3,2.317748095
1,3.679872048
2,4.431694733
3,4.612453591
1,5.210661943
2,4.468214478
3,3.964071632
1,8.91224245
2,7.83804303
3,7.560011572
1,4.472634654
2,5.41965704
3,4.403845204
1,4.430435947
2,4.593422917
3,5.532341964
1,9.031269045
2,9.101187021
3,8.658652354
1,6.985450344
2,6.841071042
3,6.308683014
1,2.973140932
2,3.357375717
3,3.08383823
1,6.291323376
2,5.323898066
3,5.422551717
1,5.581455448
2,4.862929604
3,5.238862819
1,6.607954589
2,6.09104535
3,6.597960334
1,8.692061767
2,7.262115389
3,7.701305266
1,6.253056176
2,7.394750228
3,8.164475926
1,6.64673721
2,8.920163231
3,6.724763115
1,5.623108287
2,5.440718171
3,5.631118491
1,6.510056928
2,6.754235548
3,6.555252413
1,1.917299106
2,1.570825552
3,2.09040641
1,4.999405698
2,4.794290407
3,4.583151257
1,6.041302563
2,6.34862132
3,5.834845921
1,1.303432203
2,1.172276325
3,1.372446858
1,4.981328701
2,4.612693233
3,4.919910275
1,5.034574475
2,4.708198112
3,5.24145341
1,5.429409757
2,6.014635203
3,5.074705663
1,4.84668333
2,5.710822414
3,5.242569222
1,4.84096898
2,4.799727997
3,5.306329499
1,1.779295735
2,2.62466377
3,2.267908486
1,4.810888362
2,3.870758865
3,4.255743347
1,5.785194456
2,5.893347612
3,5.415607919
1,7.983684887
2,7.385657916
3,6.986007712
1,4.578935464
2,5.356829766
3,3.687210621
1,7.180888235
2,7.935081448
3,7.22626237
1,2.8687144
2,1.996144931
3,2.23226636
1,6.758825275
2,5.79101203
3,4.964997835
1,2.493123466
2,1.986289174
3,2.018603308
1,0.19755487
2,-0.502895237
3,-0.389753622
1,6.208334043
2,7.173745229
3,6.937039193
1,4.607487672
2,4.606624859
3,5.032611709
1,3.553097252
2,2.627432975
3,2.865867174
1,3.777521486
2,3.591220131
3,3.57898852
1,6.19633091
2,5.793693997
3,6.016307453
1,6.859122654
2,6.661709781
3,7.348312686
1,6.395763651
2,6.936769563
3,5.617955083
1,6.046515522
2,6.262909426
3,6.187777455
1,2.905928655
2,2.705459885
3,4.045227078
1,6.144604852
2,5.821233329
3,6.403247151
1,5.532780655
2,5.154805591
3,5.523181326
1,2.6910232
2,1.992353844
3,3.251077737
1,4.360175929
2,3.683409894
3,2.999144403
1,5.978078769
2,5.925098149
3,6.314627719
1,5.784041221
2,6.294849589
3,5.290230711
1,3.717348122
2,3.124974859
3,4.084193338
1,9.231939283
2,8.56718964
3,9.498282577
1,3.991567796
2,3.237882154
3,3.627213326
1,3.122050872
2,3.502252302
3,3.099484083
1,5.457633866
2,4.743009564
3,4.998861129
1,7.4265352
2,6.377173963
3,6.954925106
1,6.769275051
2,5.772448114
3,6.475263664
1,6.089058829
2,5.990798382
3,5.550106048
1,7.54214943
2,7.315887688
3,7.428612528
1,6.493139699
2,6.351112654
3,6.363390849
1,3.833396571
2,4.472269512
3,4.301767843
1,3.926122222
2,3.701362162
3,3.463683065
1,5.841573146
2,6.497545218
3,6.3738034
1,6.312147587
2,6.178263313
3,5.687551818
1,5.810181224
2,5.092980704
3,5.172636931
1,5.016566986
2,5.326932386
3,4.537743294
1,6.379206759
2,6.296858816
3,5.202399145
1,-0.057416067
2,0.439113826
3,-0.018887793
1,4.391214055
2,4.784046091
3,4.275160319
1,6.940142396
2,7.079951941
3,7.49734506
1,8.602416443
2,7.511729606
3,7.499279734
1,7.483780039
2,7.051837942
3,7.755397486
1,5.518972735
2,5.890472832
3,5.109758522
1,6.012571285
2,4.134287476
3,4.893990313
1,5.294126989
2,6.186523349
3,5.908773889
1,6.289434012
2,5.376736841
3,6.052189937
1,3.05965556
2,3.331419411
3,2.806050284
1,7.12830245
2,7.582952589
3,6.804030961
1,7.500411226
2,7.623082871
3,8.155300499