Marker,Chr,Pos_bp,Year
RAC875_c1710_376,1A,9103721,DS1
Kukri_c35200_895,1A,459514896,DS1
BS00080318_51,2B,763842555,DS1
Excalibur_c5438_274,2B,774958099,DS1
Excalibur_rep_c109577_698,2B,775368259,DS1
RAC875_rep_c83950_222,2B,775053184,DS1
Ra_c22493_190,6B,6196794,DS1
Excalibur_rep_c106789_271,6B,153957925,DS1
RAC875_c25489_1208,6B,153959656,DS1
wsnp_Ex_c39304_46635517,6B,151609970,DS1
wsnp_Ex_rep_c102044_87296690,6B,153959656,DS1
wsnp_Ex_rep_c102044_87297599,6B,153957925,DS1
wsnp_Ra_c48999_54089942,6B,153956896,DS1
Excalibur_c3795_198,6B,156266046,DS1
Ra_c14852_1487,6B,156266570,DS1
RAC875_c66770_208,7A,26879337,DS1
Excalibur_c7538_2718,7A,35602223,DS1
wsnp_Ex_c35_77935,7A,41960564,DS1
BS00023055_51,7A,41959666,DS1
Excalibur_c7971_1573,2B,775371388,DS2
BS00011728_51,3B,59064340,DS2
BS00022741_51,3B,66953509,DS2
Excalibur_c21372_142,3B,66954023,DS2
Tdurum_contig51993_52,3B,66953509,DS2
BS00011869_51,3B,426452313,DS2
Excalibur_c80041_400,3B,429610611,DS2
Kukri_c21818_519,3B,556059780,DS2
RAC875_c58159_989,3B,569425136,DS2
wsnp_Ku_c21818_31604716,3B,556059565,DS2
BobWhite_c27944_234,4A,109443802,DS2
Ex_c17894_1159,4A,654418148,DS2
Excalibur_rep_c66815_273,4A,104375678,DS2
GENE-2637_94,4A,164633479,DS2
IAAV3906,4A,113854919,DS2
IAAV8784,4A,135358615,DS2
IACX1896,4A,109431746,DS2
Kukri_c44469_1240,4A,136432865,DS2
Kukri_c48155_158,4A,120605031,DS2
RAC875_c22562_429,4A,111292238,DS2
RAC875_rep_c74695_101,4A,164632278,DS2
tplb0035b22_184,4A,135614180,DS2
wsnp_BE442869A_Ta_2_1,4A,140134106,DS2
wsnp_Ex_c10527_17198865,4A,115570013,DS2
wsnp_Ex_c1387_2659020,4A,115912754,DS2
wsnp_Ex_c14529_22547438,4A,115913618,DS2
wsnp_Ex_c1865_3515470,4A,136894495,DS2
wsnp_Ex_c36141_44153175,4A,111091261,DS2
wsnp_Ex_c4286_7734046,4A,114744375,DS2
wsnp_Ex_c43734_49968808,4A,211000047,DS2
wsnp_Ex_rep_c69890_68851948,4A,105249095,DS2
Tdurum_contig51134_191,5A,698501228,DS2
RAC875_c19099_308,5B,519153210,DS2
Tdurum_contig53926_455,5B,516469300,DS2
BS00046963_51,6B,150665070,DS2
Excalibur_rep_c106789_271_DS2,6B,153957925,DS2
Kukri_c38732_225,6B,151131387,DS2
wsnp_Ex_rep_c102044_87296690_DS2,6B,153959656,DS2
wsnp_Ex_rep_c102044_87297599_DS2,6B,153957925,DS2
Ra_c14852_1487_DS2,6B,156266570,DS2
BS00040868_51,6B,228977167,DS2
BobWhite_c34920_228,6B,249498169,DS2
BS00003955_51,6B,260548319,DS2
BS00021686_51,6B,174566651,DS2
BS00045761_51,6B,227070547,DS2
BS00067871_51,6B,261585651,DS2
BS00067873_51,6B,261585682,DS2
BS00080544_51,6B,234560063,DS2
Ex_c49055_617,6B,260548488,DS2
Excalibur_c20503_382,6B,257568556,DS2
Excalibur_c47738_334,6B,262473204,DS2
Excalibur_c5136_2314,6B,231677537,DS2
Excalibur_c53834_416,6B,257993802,DS2
Excalibur_c79066_165,6B,232168465,DS2
GENE-2606_197,6B,257567774,DS2
Kukri_c25377_106,6B,174567929,DS2
Kukri_c38058_532,6B,257567774,DS2
Kukri_c52515_442,6B,259877872,DS2
Ra_c77985_260,6B,214089373,DS2
RAC875_c12805_908,6B,234559907,DS2
RAC875_c24962_1326,6B,229280173,DS2
RFL_Contig311_951,6B,231354317,DS2
TA005139-0719,6B,234559694,DS2
wsnp_BQ161448B_Ta_2_1,6B,261530574,DS2
wsnp_Ex_c1603_3056226,6B,221813724,DS2
wsnp_Ex_c23474_32717535,6B,276221225,DS2
wsnp_Ex_c27934_37093614,6B,259881611,DS2
wsnp_Ex_c42372_48966781,6B,229280173,DS2
wsnp_Ex_c46160_51746546,6B,229278919,DS2
wsnp_Ex_rep_c103466_88415738,6B,274209042,DS2
wsnp_Ex_rep_c103466_88415994,6B,274208315,DS2
wsnp_Ex_rep_c103497_88437811,6B,277165618,DS2
wsnp_Ex_rep_c68480_67305954,6B,259292578,DS2
wsnp_JD_c6448_7610859,6B,257993802,DS2
wsnp_Ku_c27423_37369145,6B,259883491,DS2
wsnp_Ra_c16850_25605248,6B,262473278,DS2
wsnp_Ra_c33358_42248399,6B,257993727,DS2
wsnp_Ra_rep_c111161_93528347,6B,277163269,DS2
wsnp_Ra_rep_c73725_71801179,6B,274207889,DS2
wsnp_Ra_rep_c73725_71801237,6B,274207831,DS2
wsnp_Ra_rep_c73731_71807419,6B,257996714,DS2
BobWhite_c32911_243,6B,255268901,DS2
Kukri_c24148_254,7B,705270901,DS2
TA005284-0990,7B,704271881,DS2
wsnp_JD_c13673_13606066,7B,704271648,DS2
IACX3595,1B,539562016,DS3
BS00030652_51,3A,693002205,DS3
Excalibur_c8284_580,3B,736672449,DS3
IAAV6566,3B,736712583,DS3
Tdurum_contig8365_433,3B,736672399,DS3
Kukri_c2526_1375,4B,523447728,DS3
Excalibur_c25471_225,7A,34539197,DS3
BS00094965_51,7A,669729091,DS3
Kukri_c30836_582,7B,699427808,DS3
